site,Driver,Indicator,indicator_code,best_lag_pwhite,ccf_pwhite,best_lag_raw,ccf_raw,abs_ccf_pwhite
Nenthead,Rainfall,<NA>,,0,0.3286230902583503,2,0.1730677515347675,0.3286230902583503
Nenthead,Rainfall,<NA>,,0,0.3286230902583503,0,0.3686345047599974,0.3286230902583503
Nenthead,Rainfall,<NA>,,0,0.3286230902583503,-10,-0.1843136322544044,0.3286230902583503
Nenthead,Rainfall,<NA>,,0,0.3286230902583503,0,-0.1324281274701802,0.3286230902583503
Nenthead,Rainfall,<NA>,,0,0.3286230902583503,0,-0.1664036178252901,0.3286230902583503
Nenthead,Rainfall,<NA>,,0,0.3286230902583503,-11,-0.1855259029717589,0.3286230902583503
Nenthead,Rainfall,<NA>,,0,0.3286230902583503,9,-0.2715622764188191,0.3286230902583503
Nenthead,Rainfall,<NA>,,0,0.3286230902583503,9,-0.2200841203858432,0.3286230902583503
Nenthead,Rainfall,<NA>,,0,0.3286230902583503,9,0.2567992121578935,0.3286230902583503
Nenthead,Rainfall,<NA>,,0,0.3286230902583503,-12,0.1539557998753693,0.3286230902583503
Nenthead,Rainfall,<NA>,,0,0.3286230902583503,9,-0.2707434438511166,0.3286230902583503
Nenthead,Rainfall,<NA>,,0,0.3286230902583503,0,0.2417864800392652,0.3286230902583503
S35629,Rainfall,<NA>,,0,0.6696477200962527,0,0.5816066279973974,0.6696477200962527
S35629,Rainfall,<NA>,,0,0.6696477200962527,0,0.6703777671256181,0.6696477200962527
S35629,Rainfall,<NA>,,0,0.6696477200962527,12,-0.2670574944626707,0.6696477200962527
S35629,Rainfall,<NA>,,0,0.6696477200962527,0,0.5582043686300671,0.6696477200962527
S35629,Rainfall,<NA>,,0,0.6696477200962527,4,-0.3971257500387154,0.6696477200962527
S35629,Rainfall,<NA>,,0,0.6696477200962527,-12,-0.3604971914428023,0.6696477200962527
S35629,Rainfall,<NA>,,0,0.6696477200962527,4,-0.3180988866240057,0.6696477200962527
S35629,Rainfall,<NA>,,0,0.6696477200962527,0,-0.3640852294487278,0.6696477200962527
S35629,Rainfall,<NA>,,0,0.6696477200962527,0,0.4083744517848893,0.6696477200962527
S35629,Rainfall,<NA>,,0,0.6696477200962527,-5,-0.3867661934068871,0.6696477200962527
S35629,Rainfall,<NA>,,0,0.6696477200962527,4,-0.3581319646268468,0.6696477200962527
S35629,Rainfall,<NA>,,0,0.6696477200962527,2,-0.3305543488898227,0.6696477200962527
S35629,Rainfall,<NA>,,0,0.5807356970731388,0,0.5816066279973974,0.5807356970731388
S35629,Rainfall,<NA>,,0,0.5807356970731388,0,0.6703777671256181,0.5807356970731388
S35629,Rainfall,<NA>,,0,0.5807356970731388,12,-0.2670574944626707,0.5807356970731388
S35629,Rainfall,<NA>,,0,0.5807356970731388,0,0.5582043686300671,0.5807356970731388
S35629,Rainfall,<NA>,,0,0.5807356970731388,4,-0.3971257500387154,0.5807356970731388
S35629,Rainfall,<NA>,,0,0.5807356970731388,-12,-0.3604971914428023,0.5807356970731388
S35629,Rainfall,<NA>,,0,0.5807356970731388,4,-0.3180988866240057,0.5807356970731388
S35629,Rainfall,<NA>,,0,0.5807356970731388,0,-0.3640852294487278,0.5807356970731388
S35629,Rainfall,<NA>,,0,0.5807356970731388,0,0.4083744517848893,0.5807356970731388
S35629,Rainfall,<NA>,,0,0.5807356970731388,-5,-0.3867661934068871,0.5807356970731388
S35629,Rainfall,<NA>,,0,0.5807356970731388,4,-0.3581319646268468,0.5807356970731388
S35629,Rainfall,<NA>,,0,0.5807356970731388,2,-0.3305543488898227,0.5807356970731388
S35629,Rainfall,<NA>,,0,0.5696579341798599,0,0.5816066279973974,0.5696579341798599
S35629,Rainfall,<NA>,,0,0.5696579341798599,0,0.6703777671256181,0.5696579341798599
S35629,Rainfall,<NA>,,0,0.5696579341798599,12,-0.2670574944626707,0.5696579341798599
S35629,Rainfall,<NA>,,0,0.5696579341798599,0,0.5582043686300671,0.5696579341798599
S35629,Rainfall,<NA>,,0,0.5696579341798599,4,-0.3971257500387154,0.5696579341798599
S35629,Rainfall,<NA>,,0,0.5696579341798599,-12,-0.3604971914428023,0.5696579341798599
S35629,Rainfall,<NA>,,0,0.5696579341798599,4,-0.3180988866240057,0.5696579341798599
S35629,Rainfall,<NA>,,0,0.5696579341798599,0,-0.3640852294487278,0.5696579341798599
S35629,Rainfall,<NA>,,0,0.5696579341798599,0,0.4083744517848893,0.5696579341798599
S35629,Rainfall,<NA>,,0,0.5696579341798599,-5,-0.3867661934068871,0.5696579341798599
S35629,Rainfall,<NA>,,0,0.5696579341798599,4,-0.3581319646268468,0.5696579341798599
S35629,Rainfall,<NA>,,0,0.5696579341798599,2,-0.3305543488898227,0.5696579341798599
S35629,Rainfall,<NA>,,0,0.4150393389039868,0,0.5816066279973974,0.4150393389039868
S35629,Rainfall,<NA>,,0,0.4150393389039868,0,0.6703777671256181,0.4150393389039868
S35629,Rainfall,<NA>,,0,0.4150393389039868,12,-0.2670574944626707,0.4150393389039868
S35629,Rainfall,<NA>,,0,0.4150393389039868,0,0.5582043686300671,0.4150393389039868
S35629,Rainfall,<NA>,,0,0.4150393389039868,4,-0.3971257500387154,0.4150393389039868
S35629,Rainfall,<NA>,,0,0.4150393389039868,-12,-0.3604971914428023,0.4150393389039868
S35629,Rainfall,<NA>,,0,0.4150393389039868,4,-0.3180988866240057,0.4150393389039868
S35629,Rainfall,<NA>,,0,0.4150393389039868,0,-0.3640852294487278,0.4150393389039868
S35629,Rainfall,<NA>,,0,0.4150393389039868,0,0.4083744517848893,0.4150393389039868
S35629,Rainfall,<NA>,,0,0.4150393389039868,-5,-0.3867661934068871,0.4150393389039868
S35629,Rainfall,<NA>,,0,0.4150393389039868,4,-0.3581319646268468,0.4150393389039868
S35629,Rainfall,<NA>,,0,0.4150393389039868,2,-0.3305543488898227,0.4150393389039868
S35629,Rainfall,<NA>,,4,-0.3876076540290838,0,0.5816066279973974,0.3876076540290838
S35629,Rainfall,<NA>,,4,-0.3876076540290838,0,0.6703777671256181,0.3876076540290838
S35629,Rainfall,<NA>,,4,-0.3876076540290838,12,-0.2670574944626707,0.3876076540290838
S35629,Rainfall,<NA>,,4,-0.3876076540290838,0,0.5582043686300671,0.3876076540290838
S35629,Rainfall,<NA>,,4,-0.3876076540290838,4,-0.3971257500387154,0.3876076540290838
S35629,Rainfall,<NA>,,4,-0.3876076540290838,-12,-0.3604971914428023,0.3876076540290838
S35629,Rainfall,<NA>,,4,-0.3876076540290838,4,-0.3180988866240057,0.3876076540290838
S35629,Rainfall,<NA>,,4,-0.3876076540290838,0,-0.3640852294487278,0.3876076540290838
S35629,Rainfall,<NA>,,4,-0.3876076540290838,0,0.4083744517848893,0.3876076540290838
S35629,Rainfall,<NA>,,4,-0.3876076540290838,-5,-0.3867661934068871,0.3876076540290838
S35629,Rainfall,<NA>,,4,-0.3876076540290838,4,-0.3581319646268468,0.3876076540290838
S35629,Rainfall,<NA>,,4,-0.3876076540290838,2,-0.3305543488898227,0.3876076540290838
S35629,Rainfall,<NA>,,-5,-0.3777312071236893,0,0.5816066279973974,0.3777312071236893
S35629,Rainfall,<NA>,,-5,-0.3777312071236893,0,0.6703777671256181,0.3777312071236893
S35629,Rainfall,<NA>,,-5,-0.3777312071236893,12,-0.2670574944626707,0.3777312071236893
S35629,Rainfall,<NA>,,-5,-0.3777312071236893,0,0.5582043686300671,0.3777312071236893
S35629,Rainfall,<NA>,,-5,-0.3777312071236893,4,-0.3971257500387154,0.3777312071236893
S35629,Rainfall,<NA>,,-5,-0.3777312071236893,-12,-0.3604971914428023,0.3777312071236893
S35629,Rainfall,<NA>,,-5,-0.3777312071236893,4,-0.3180988866240057,0.3777312071236893
S35629,Rainfall,<NA>,,-5,-0.3777312071236893,0,-0.3640852294487278,0.3777312071236893
S35629,Rainfall,<NA>,,-5,-0.3777312071236893,0,0.4083744517848893,0.3777312071236893
S35629,Rainfall,<NA>,,-5,-0.3777312071236893,-5,-0.3867661934068871,0.3777312071236893
S35629,Rainfall,<NA>,,-5,-0.3777312071236893,4,-0.3581319646268468,0.3777312071236893
S35629,Rainfall,<NA>,,-5,-0.3777312071236893,2,-0.3305543488898227,0.3777312071236893
S35629,Rainfall,<NA>,,0,-0.3739336652629748,0,0.5816066279973974,0.3739336652629748
S35629,Rainfall,<NA>,,0,-0.3739336652629748,0,0.6703777671256181,0.3739336652629748
S35629,Rainfall,<NA>,,0,-0.3739336652629748,12,-0.2670574944626707,0.3739336652629748
S35629,Rainfall,<NA>,,0,-0.3739336652629748,0,0.5582043686300671,0.3739336652629748
S35629,Rainfall,<NA>,,0,-0.3739336652629748,4,-0.3971257500387154,0.3739336652629748
S35629,Rainfall,<NA>,,0,-0.3739336652629748,-12,-0.3604971914428023,0.3739336652629748
S35629,Rainfall,<NA>,,0,-0.3739336652629748,4,-0.3180988866240057,0.3739336652629748
S35629,Rainfall,<NA>,,0,-0.3739336652629748,0,-0.3640852294487278,0.3739336652629748
S35629,Rainfall,<NA>,,0,-0.3739336652629748,0,0.4083744517848893,0.3739336652629748
S35629,Rainfall,<NA>,,0,-0.3739336652629748,-5,-0.3867661934068871,0.3739336652629748
S35629,Rainfall,<NA>,,0,-0.3739336652629748,4,-0.3581319646268468,0.3739336652629748
S35629,Rainfall,<NA>,,0,-0.3739336652629748,2,-0.3305543488898227,0.3739336652629748
S35629,Rainfall,<NA>,,4,-0.3572153674932369,0,0.5816066279973974,0.3572153674932369
S35629,Rainfall,<NA>,,4,-0.3572153674932369,0,0.6703777671256181,0.3572153674932369
S35629,Rainfall,<NA>,,4,-0.3572153674932369,12,-0.2670574944626707,0.3572153674932369
S35629,Rainfall,<NA>,,4,-0.3572153674932369,0,0.5582043686300671,0.3572153674932369
S35629,Rainfall,<NA>,,4,-0.3572153674932369,4,-0.3971257500387154,0.3572153674932369
S35629,Rainfall,<NA>,,4,-0.3572153674932369,-12,-0.3604971914428023,0.3572153674932369
S35629,Rainfall,<NA>,,4,-0.3572153674932369,4,-0.3180988866240057,0.3572153674932369
S35629,Rainfall,<NA>,,4,-0.3572153674932369,0,-0.3640852294487278,0.3572153674932369
S35629,Rainfall,<NA>,,4,-0.3572153674932369,0,0.4083744517848893,0.3572153674932369
S35629,Rainfall,<NA>,,4,-0.3572153674932369,-5,-0.3867661934068871,0.3572153674932369
S35629,Rainfall,<NA>,,4,-0.3572153674932369,4,-0.3581319646268468,0.3572153674932369
S35629,Rainfall,<NA>,,4,-0.3572153674932369,2,-0.3305543488898227,0.3572153674932369
S35629,Rainfall,<NA>,,-12,-0.3292418616300504,0,0.5816066279973974,0.3292418616300504
S35629,Rainfall,<NA>,,-12,-0.3292418616300504,0,0.6703777671256181,0.3292418616300504
S35629,Rainfall,<NA>,,-12,-0.3292418616300504,12,-0.2670574944626707,0.3292418616300504
S35629,Rainfall,<NA>,,-12,-0.3292418616300504,0,0.5582043686300671,0.3292418616300504
S35629,Rainfall,<NA>,,-12,-0.3292418616300504,4,-0.3971257500387154,0.3292418616300504
S35629,Rainfall,<NA>,,-12,-0.3292418616300504,-12,-0.3604971914428023,0.3292418616300504
S35629,Rainfall,<NA>,,-12,-0.3292418616300504,4,-0.3180988866240057,0.3292418616300504
S35629,Rainfall,<NA>,,-12,-0.3292418616300504,0,-0.3640852294487278,0.3292418616300504
S35629,Rainfall,<NA>,,-12,-0.3292418616300504,0,0.4083744517848893,0.3292418616300504
S35629,Rainfall,<NA>,,-12,-0.3292418616300504,-5,-0.3867661934068871,0.3292418616300504
S35629,Rainfall,<NA>,,-12,-0.3292418616300504,4,-0.3581319646268468,0.3292418616300504
S35629,Rainfall,<NA>,,-12,-0.3292418616300504,2,-0.3305543488898227,0.3292418616300504
S35629,Rainfall,<NA>,,2,-0.314047018807474,0,0.5816066279973974,0.314047018807474
S35629,Rainfall,<NA>,,2,-0.314047018807474,0,0.6703777671256181,0.314047018807474
S35629,Rainfall,<NA>,,2,-0.314047018807474,12,-0.2670574944626707,0.314047018807474
S35629,Rainfall,<NA>,,2,-0.314047018807474,0,0.5582043686300671,0.314047018807474
S35629,Rainfall,<NA>,,2,-0.314047018807474,4,-0.3971257500387154,0.314047018807474
S35629,Rainfall,<NA>,,2,-0.314047018807474,-12,-0.3604971914428023,0.314047018807474
S35629,Rainfall,<NA>,,2,-0.314047018807474,4,-0.3180988866240057,0.314047018807474
S35629,Rainfall,<NA>,,2,-0.314047018807474,0,-0.3640852294487278,0.314047018807474
S35629,Rainfall,<NA>,,2,-0.314047018807474,0,0.4083744517848893,0.314047018807474
S35629,Rainfall,<NA>,,2,-0.314047018807474,-5,-0.3867661934068871,0.314047018807474
S35629,Rainfall,<NA>,,2,-0.314047018807474,4,-0.3581319646268468,0.314047018807474
S35629,Rainfall,<NA>,,2,-0.314047018807474,2,-0.3305543488898227,0.314047018807474
S35629,Rainfall,<NA>,,4,-0.3069749511508456,0,0.5816066279973974,0.3069749511508456
S35629,Rainfall,<NA>,,4,-0.3069749511508456,0,0.6703777671256181,0.3069749511508456
S35629,Rainfall,<NA>,,4,-0.3069749511508456,12,-0.2670574944626707,0.3069749511508456
S35629,Rainfall,<NA>,,4,-0.3069749511508456,0,0.5582043686300671,0.3069749511508456
S35629,Rainfall,<NA>,,4,-0.3069749511508456,4,-0.3971257500387154,0.3069749511508456
S35629,Rainfall,<NA>,,4,-0.3069749511508456,-12,-0.3604971914428023,0.3069749511508456
S35629,Rainfall,<NA>,,4,-0.3069749511508456,4,-0.3180988866240057,0.3069749511508456
S35629,Rainfall,<NA>,,4,-0.3069749511508456,0,-0.3640852294487278,0.3069749511508456
S35629,Rainfall,<NA>,,4,-0.3069749511508456,0,0.4083744517848893,0.3069749511508456
S35629,Rainfall,<NA>,,4,-0.3069749511508456,-5,-0.3867661934068871,0.3069749511508456
S35629,Rainfall,<NA>,,4,-0.3069749511508456,4,-0.3581319646268468,0.3069749511508456
S35629,Rainfall,<NA>,,4,-0.3069749511508456,2,-0.3305543488898227,0.3069749511508456
S35629,Temperature,<NA>,,3,-0.3799080301460197,-7,0.4004916903190503,0.3799080301460197
S35629,Temperature,<NA>,,3,-0.3799080301460197,-7,0.483045503475088,0.3799080301460197
S35629,Temperature,<NA>,,3,-0.3799080301460197,3,-0.4494621332291001,0.3799080301460197
S35629,Temperature,<NA>,,3,-0.3799080301460197,-8,0.3941595312673316,0.3799080301460197
S35629,Temperature,<NA>,,3,-0.3799080301460197,-4,-0.3413193965853612,0.3799080301460197
S35629,Temperature,<NA>,,3,-0.3799080301460197,-10,0.4691683142716665,0.3799080301460197
S35629,Temperature,<NA>,,3,-0.3799080301460197,-4,-0.3323513046093682,0.3799080301460197
S35629,Temperature,<NA>,,3,-0.3799080301460197,8,-0.407090817594765,0.3799080301460197
S35629,Temperature,<NA>,,3,-0.3799080301460197,0,-0.3096848265420405,0.3799080301460197
S35629,Temperature,<NA>,,3,-0.3799080301460197,0,-0.3793159158687749,0.3799080301460197
S35629,Temperature,<NA>,,3,-0.3799080301460197,-4,-0.3451726500282352,0.3799080301460197
S35629,Temperature,<NA>,,3,-0.3799080301460197,-10,0.4424825644112669,0.3799080301460197
S35629,Temperature,<NA>,,-12,-0.363414436520436,-7,0.4004916903190503,0.363414436520436
S35629,Temperature,<NA>,,-12,-0.363414436520436,-7,0.483045503475088,0.363414436520436
S35629,Temperature,<NA>,,-12,-0.363414436520436,3,-0.4494621332291001,0.363414436520436
S35629,Temperature,<NA>,,-12,-0.363414436520436,-8,0.3941595312673316,0.363414436520436
S35629,Temperature,<NA>,,-12,-0.363414436520436,-4,-0.3413193965853612,0.363414436520436
S35629,Temperature,<NA>,,-12,-0.363414436520436,-10,0.4691683142716665,0.363414436520436
S35629,Temperature,<NA>,,-12,-0.363414436520436,-4,-0.3323513046093682,0.363414436520436
S35629,Temperature,<NA>,,-12,-0.363414436520436,8,-0.407090817594765,0.363414436520436
S35629,Temperature,<NA>,,-12,-0.363414436520436,0,-0.3096848265420405,0.363414436520436
S35629,Temperature,<NA>,,-12,-0.363414436520436,0,-0.3793159158687749,0.363414436520436
S35629,Temperature,<NA>,,-12,-0.363414436520436,-4,-0.3451726500282352,0.363414436520436
S35629,Temperature,<NA>,,-12,-0.363414436520436,-10,0.4424825644112669,0.363414436520436
S35629,Temperature,<NA>,,-7,0.3608833972420691,-7,0.4004916903190503,0.3608833972420691
S35629,Temperature,<NA>,,-7,0.3608833972420691,-7,0.483045503475088,0.3608833972420691
S35629,Temperature,<NA>,,-7,0.3608833972420691,3,-0.4494621332291001,0.3608833972420691
S35629,Temperature,<NA>,,-7,0.3608833972420691,-8,0.3941595312673316,0.3608833972420691
S35629,Temperature,<NA>,,-7,0.3608833972420691,-4,-0.3413193965853612,0.3608833972420691
S35629,Temperature,<NA>,,-7,0.3608833972420691,-10,0.4691683142716665,0.3608833972420691
S35629,Temperature,<NA>,,-7,0.3608833972420691,-4,-0.3323513046093682,0.3608833972420691
S35629,Temperature,<NA>,,-7,0.3608833972420691,8,-0.407090817594765,0.3608833972420691
S35629,Temperature,<NA>,,-7,0.3608833972420691,0,-0.3096848265420405,0.3608833972420691
S35629,Temperature,<NA>,,-7,0.3608833972420691,0,-0.3793159158687749,0.3608833972420691
S35629,Temperature,<NA>,,-7,0.3608833972420691,-4,-0.3451726500282352,0.3608833972420691
S35629,Temperature,<NA>,,-7,0.3608833972420691,-10,0.4424825644112669,0.3608833972420691
S35629,Temperature,<NA>,,-7,0.3564433219836661,-7,0.4004916903190503,0.3564433219836661
S35629,Temperature,<NA>,,-7,0.3564433219836661,-7,0.483045503475088,0.3564433219836661
S35629,Temperature,<NA>,,-7,0.3564433219836661,3,-0.4494621332291001,0.3564433219836661
S35629,Temperature,<NA>,,-7,0.3564433219836661,-8,0.3941595312673316,0.3564433219836661
S35629,Temperature,<NA>,,-7,0.3564433219836661,-4,-0.3413193965853612,0.3564433219836661
S35629,Temperature,<NA>,,-7,0.3564433219836661,-10,0.4691683142716665,0.3564433219836661
S35629,Temperature,<NA>,,-7,0.3564433219836661,-4,-0.3323513046093682,0.3564433219836661
S35629,Temperature,<NA>,,-7,0.3564433219836661,8,-0.407090817594765,0.3564433219836661
S35629,Temperature,<NA>,,-7,0.3564433219836661,0,-0.3096848265420405,0.3564433219836661
S35629,Temperature,<NA>,,-7,0.3564433219836661,0,-0.3793159158687749,0.3564433219836661
S35629,Temperature,<NA>,,-7,0.3564433219836661,-4,-0.3451726500282352,0.3564433219836661
S35629,Temperature,<NA>,,-7,0.3564433219836661,-10,0.4424825644112669,0.3564433219836661
S35629,Temperature,<NA>,,8,-0.3548854310481493,-7,0.4004916903190503,0.3548854310481493
S35629,Temperature,<NA>,,8,-0.3548854310481493,-7,0.483045503475088,0.3548854310481493
S35629,Temperature,<NA>,,8,-0.3548854310481493,3,-0.4494621332291001,0.3548854310481493
S35629,Temperature,<NA>,,8,-0.3548854310481493,-8,0.3941595312673316,0.3548854310481493
S35629,Temperature,<NA>,,8,-0.3548854310481493,-4,-0.3413193965853612,0.3548854310481493
S35629,Temperature,<NA>,,8,-0.3548854310481493,-10,0.4691683142716665,0.3548854310481493
S35629,Temperature,<NA>,,8,-0.3548854310481493,-4,-0.3323513046093682,0.3548854310481493
S35629,Temperature,<NA>,,8,-0.3548854310481493,8,-0.407090817594765,0.3548854310481493
S35629,Temperature,<NA>,,8,-0.3548854310481493,0,-0.3096848265420405,0.3548854310481493
S35629,Temperature,<NA>,,8,-0.3548854310481493,0,-0.3793159158687749,0.3548854310481493
S35629,Temperature,<NA>,,8,-0.3548854310481493,-4,-0.3451726500282352,0.3548854310481493
S35629,Temperature,<NA>,,8,-0.3548854310481493,-10,0.4424825644112669,0.3548854310481493
S35629,Temperature,<NA>,,12,0.3448641329612805,-7,0.4004916903190503,0.3448641329612805
S35629,Temperature,<NA>,,12,0.3448641329612805,-7,0.483045503475088,0.3448641329612805
S35629,Temperature,<NA>,,12,0.3448641329612805,3,-0.4494621332291001,0.3448641329612805
S35629,Temperature,<NA>,,12,0.3448641329612805,-8,0.3941595312673316,0.3448641329612805
S35629,Temperature,<NA>,,12,0.3448641329612805,-4,-0.3413193965853612,0.3448641329612805
S35629,Temperature,<NA>,,12,0.3448641329612805,-10,0.4691683142716665,0.3448641329612805
S35629,Temperature,<NA>,,12,0.3448641329612805,-4,-0.3323513046093682,0.3448641329612805
S35629,Temperature,<NA>,,12,0.3448641329612805,8,-0.407090817594765,0.3448641329612805
S35629,Temperature,<NA>,,12,0.3448641329612805,0,-0.3096848265420405,0.3448641329612805
S35629,Temperature,<NA>,,12,0.3448641329612805,0,-0.3793159158687749,0.3448641329612805
S35629,Temperature,<NA>,,12,0.3448641329612805,-4,-0.3451726500282352,0.3448641329612805
S35629,Temperature,<NA>,,12,0.3448641329612805,-10,0.4424825644112669,0.3448641329612805
S35629,Temperature,<NA>,,-7,0.3446485599473882,-7,0.4004916903190503,0.3446485599473882
S35629,Temperature,<NA>,,-7,0.3446485599473882,-7,0.483045503475088,0.3446485599473882
S35629,Temperature,<NA>,,-7,0.3446485599473882,3,-0.4494621332291001,0.3446485599473882
S35629,Temperature,<NA>,,-7,0.3446485599473882,-8,0.3941595312673316,0.3446485599473882
S35629,Temperature,<NA>,,-7,0.3446485599473882,-4,-0.3413193965853612,0.3446485599473882
S35629,Temperature,<NA>,,-7,0.3446485599473882,-10,0.4691683142716665,0.3446485599473882
S35629,Temperature,<NA>,,-7,0.3446485599473882,-4,-0.3323513046093682,0.3446485599473882
S35629,Temperature,<NA>,,-7,0.3446485599473882,8,-0.407090817594765,0.3446485599473882
S35629,Temperature,<NA>,,-7,0.3446485599473882,0,-0.3096848265420405,0.3446485599473882
S35629,Temperature,<NA>,,-7,0.3446485599473882,0,-0.3793159158687749,0.3446485599473882
S35629,Temperature,<NA>,,-7,0.3446485599473882,-4,-0.3451726500282352,0.3446485599473882
S35629,Temperature,<NA>,,-7,0.3446485599473882,-10,0.4424825644112669,0.3446485599473882
S35629,Temperature,<NA>,,-7,0.3302174279575537,-7,0.4004916903190503,0.3302174279575537
S35629,Temperature,<NA>,,-7,0.3302174279575537,-7,0.483045503475088,0.3302174279575537
S35629,Temperature,<NA>,,-7,0.3302174279575537,3,-0.4494621332291001,0.3302174279575537
S35629,Temperature,<NA>,,-7,0.3302174279575537,-8,0.3941595312673316,0.3302174279575537
S35629,Temperature,<NA>,,-7,0.3302174279575537,-4,-0.3413193965853612,0.3302174279575537
S35629,Temperature,<NA>,,-7,0.3302174279575537,-10,0.4691683142716665,0.3302174279575537
S35629,Temperature,<NA>,,-7,0.3302174279575537,-4,-0.3323513046093682,0.3302174279575537
S35629,Temperature,<NA>,,-7,0.3302174279575537,8,-0.407090817594765,0.3302174279575537
S35629,Temperature,<NA>,,-7,0.3302174279575537,0,-0.3096848265420405,0.3302174279575537
S35629,Temperature,<NA>,,-7,0.3302174279575537,0,-0.3793159158687749,0.3302174279575537
S35629,Temperature,<NA>,,-7,0.3302174279575537,-4,-0.3451726500282352,0.3302174279575537
S35629,Temperature,<NA>,,-7,0.3302174279575537,-10,0.4424825644112669,0.3302174279575537
S35636,Rainfall,<NA>,,9,0.811309301174395,9,0.4157670129413175,0.811309301174395
S35636,Rainfall,<NA>,,9,0.811309301174395,0,0.4221314940873475,0.811309301174395
S35636,Rainfall,<NA>,,9,0.811309301174395,0,-0.4977338458093412,0.811309301174395
S35636,Rainfall,<NA>,,9,0.811309301174395,-7,-0.2559105037598473,0.811309301174395
S35636,Rainfall,<NA>,,9,0.811309301174395,5,0.3610625934600556,0.811309301174395
S35636,Rainfall,<NA>,,9,0.811309301174395,-7,-0.7994988288083689,0.811309301174395
S35636,Rainfall,<NA>,,9,0.811309301174395,-11,0.3270129405406225,0.811309301174395
S35636,Rainfall,<NA>,,9,0.811309301174395,9,0.8247575597723119,0.811309301174395
S35636,Rainfall,<NA>,,9,0.811309301174395,-7,-0.3106546850531065,0.811309301174395
S35636,Rainfall,<NA>,,9,0.811309301174395,5,0.3567259038821138,0.811309301174395
S35636,Rainfall,<NA>,,9,0.811309301174395,-11,0.3851337115820584,0.811309301174395
S35636,Rainfall,<NA>,,9,0.811309301174395,9,0.8215224918615435,0.811309301174395
S35636,Rainfall,<NA>,,9,0.7909410957591032,9,0.4157670129413175,0.7909410957591032
S35636,Rainfall,<NA>,,9,0.7909410957591032,0,0.4221314940873475,0.7909410957591032
S35636,Rainfall,<NA>,,9,0.7909410957591032,0,-0.4977338458093412,0.7909410957591032
S35636,Rainfall,<NA>,,9,0.7909410957591032,-7,-0.2559105037598473,0.7909410957591032
S35636,Rainfall,<NA>,,9,0.7909410957591032,5,0.3610625934600556,0.7909410957591032
S35636,Rainfall,<NA>,,9,0.7909410957591032,-7,-0.7994988288083689,0.7909410957591032
S35636,Rainfall,<NA>,,9,0.7909410957591032,-11,0.3270129405406225,0.7909410957591032
S35636,Rainfall,<NA>,,9,0.7909410957591032,9,0.8247575597723119,0.7909410957591032
S35636,Rainfall,<NA>,,9,0.7909410957591032,-7,-0.3106546850531065,0.7909410957591032
S35636,Rainfall,<NA>,,9,0.7909410957591032,5,0.3567259038821138,0.7909410957591032
S35636,Rainfall,<NA>,,9,0.7909410957591032,-11,0.3851337115820584,0.7909410957591032
S35636,Rainfall,<NA>,,9,0.7909410957591032,9,0.8215224918615435,0.7909410957591032
S35636,Rainfall,<NA>,,-7,-0.7625219002718934,9,0.4157670129413175,0.7625219002718934
S35636,Rainfall,<NA>,,-7,-0.7625219002718934,0,0.4221314940873475,0.7625219002718934
S35636,Rainfall,<NA>,,-7,-0.7625219002718934,0,-0.4977338458093412,0.7625219002718934
S35636,Rainfall,<NA>,,-7,-0.7625219002718934,-7,-0.2559105037598473,0.7625219002718934
S35636,Rainfall,<NA>,,-7,-0.7625219002718934,5,0.3610625934600556,0.7625219002718934
S35636,Rainfall,<NA>,,-7,-0.7625219002718934,-7,-0.7994988288083689,0.7625219002718934
S35636,Rainfall,<NA>,,-7,-0.7625219002718934,-11,0.3270129405406225,0.7625219002718934
S35636,Rainfall,<NA>,,-7,-0.7625219002718934,9,0.8247575597723119,0.7625219002718934
S35636,Rainfall,<NA>,,-7,-0.7625219002718934,-7,-0.3106546850531065,0.7625219002718934
S35636,Rainfall,<NA>,,-7,-0.7625219002718934,5,0.3567259038821138,0.7625219002718934
S35636,Rainfall,<NA>,,-7,-0.7625219002718934,-11,0.3851337115820584,0.7625219002718934
S35636,Rainfall,<NA>,,-7,-0.7625219002718934,9,0.8215224918615435,0.7625219002718934
S35636,Rainfall,<NA>,,0,-0.4988041786259771,9,0.4157670129413175,0.4988041786259771
S35636,Rainfall,<NA>,,0,-0.4988041786259771,0,0.4221314940873475,0.4988041786259771
S35636,Rainfall,<NA>,,0,-0.4988041786259771,0,-0.4977338458093412,0.4988041786259771
S35636,Rainfall,<NA>,,0,-0.4988041786259771,-7,-0.2559105037598473,0.4988041786259771
S35636,Rainfall,<NA>,,0,-0.4988041786259771,5,0.3610625934600556,0.4988041786259771
S35636,Rainfall,<NA>,,0,-0.4988041786259771,-7,-0.7994988288083689,0.4988041786259771
S35636,Rainfall,<NA>,,0,-0.4988041786259771,-11,0.3270129405406225,0.4988041786259771
S35636,Rainfall,<NA>,,0,-0.4988041786259771,9,0.8247575597723119,0.4988041786259771
S35636,Rainfall,<NA>,,0,-0.4988041786259771,-7,-0.3106546850531065,0.4988041786259771
S35636,Rainfall,<NA>,,0,-0.4988041786259771,5,0.3567259038821138,0.4988041786259771
S35636,Rainfall,<NA>,,0,-0.4988041786259771,-11,0.3851337115820584,0.4988041786259771
S35636,Rainfall,<NA>,,0,-0.4988041786259771,9,0.8215224918615435,0.4988041786259771
S35636,Rainfall,<NA>,,-4,-0.427432416846758,9,0.4157670129413175,0.427432416846758
S35636,Rainfall,<NA>,,-4,-0.427432416846758,0,0.4221314940873475,0.427432416846758
S35636,Rainfall,<NA>,,-4,-0.427432416846758,0,-0.4977338458093412,0.427432416846758
S35636,Rainfall,<NA>,,-4,-0.427432416846758,-7,-0.2559105037598473,0.427432416846758
S35636,Rainfall,<NA>,,-4,-0.427432416846758,5,0.3610625934600556,0.427432416846758
S35636,Rainfall,<NA>,,-4,-0.427432416846758,-7,-0.7994988288083689,0.427432416846758
S35636,Rainfall,<NA>,,-4,-0.427432416846758,-11,0.3270129405406225,0.427432416846758
S35636,Rainfall,<NA>,,-4,-0.427432416846758,9,0.8247575597723119,0.427432416846758
S35636,Rainfall,<NA>,,-4,-0.427432416846758,-7,-0.3106546850531065,0.427432416846758
S35636,Rainfall,<NA>,,-4,-0.427432416846758,5,0.3567259038821138,0.427432416846758
S35636,Rainfall,<NA>,,-4,-0.427432416846758,-11,0.3851337115820584,0.427432416846758
S35636,Rainfall,<NA>,,-4,-0.427432416846758,9,0.8215224918615435,0.427432416846758
S35636,Rainfall,<NA>,,0,0.4224453753649104,9,0.4157670129413175,0.4224453753649104
S35636,Rainfall,<NA>,,0,0.4224453753649104,0,0.4221314940873475,0.4224453753649104
S35636,Rainfall,<NA>,,0,0.4224453753649104,0,-0.4977338458093412,0.4224453753649104
S35636,Rainfall,<NA>,,0,0.4224453753649104,-7,-0.2559105037598473,0.4224453753649104
S35636,Rainfall,<NA>,,0,0.4224453753649104,5,0.3610625934600556,0.4224453753649104
S35636,Rainfall,<NA>,,0,0.4224453753649104,-7,-0.7994988288083689,0.4224453753649104
S35636,Rainfall,<NA>,,0,0.4224453753649104,-11,0.3270129405406225,0.4224453753649104
S35636,Rainfall,<NA>,,0,0.4224453753649104,9,0.8247575597723119,0.4224453753649104
S35636,Rainfall,<NA>,,0,0.4224453753649104,-7,-0.3106546850531065,0.4224453753649104
S35636,Rainfall,<NA>,,0,0.4224453753649104,5,0.3567259038821138,0.4224453753649104
S35636,Rainfall,<NA>,,0,0.4224453753649104,-11,0.3851337115820584,0.4224453753649104
S35636,Rainfall,<NA>,,0,0.4224453753649104,9,0.8215224918615435,0.4224453753649104
S35636,Rainfall,<NA>,,-11,0.4072192294198348,9,0.4157670129413175,0.4072192294198348
S35636,Rainfall,<NA>,,-11,0.4072192294198348,0,0.4221314940873475,0.4072192294198348
S35636,Rainfall,<NA>,,-11,0.4072192294198348,0,-0.4977338458093412,0.4072192294198348
S35636,Rainfall,<NA>,,-11,0.4072192294198348,-7,-0.2559105037598473,0.4072192294198348
S35636,Rainfall,<NA>,,-11,0.4072192294198348,5,0.3610625934600556,0.4072192294198348
S35636,Rainfall,<NA>,,-11,0.4072192294198348,-7,-0.7994988288083689,0.4072192294198348
S35636,Rainfall,<NA>,,-11,0.4072192294198348,-11,0.3270129405406225,0.4072192294198348
S35636,Rainfall,<NA>,,-11,0.4072192294198348,9,0.8247575597723119,0.4072192294198348
S35636,Rainfall,<NA>,,-11,0.4072192294198348,-7,-0.3106546850531065,0.4072192294198348
S35636,Rainfall,<NA>,,-11,0.4072192294198348,5,0.3567259038821138,0.4072192294198348
S35636,Rainfall,<NA>,,-11,0.4072192294198348,-11,0.3851337115820584,0.4072192294198348
S35636,Rainfall,<NA>,,-11,0.4072192294198348,9,0.8215224918615435,0.4072192294198348
S35636,Rainfall,<NA>,,5,0.3475720527107382,9,0.4157670129413175,0.3475720527107382
S35636,Rainfall,<NA>,,5,0.3475720527107382,0,0.4221314940873475,0.3475720527107382
S35636,Rainfall,<NA>,,5,0.3475720527107382,0,-0.4977338458093412,0.3475720527107382
S35636,Rainfall,<NA>,,5,0.3475720527107382,-7,-0.2559105037598473,0.3475720527107382
S35636,Rainfall,<NA>,,5,0.3475720527107382,5,0.3610625934600556,0.3475720527107382
S35636,Rainfall,<NA>,,5,0.3475720527107382,-7,-0.7994988288083689,0.3475720527107382
S35636,Rainfall,<NA>,,5,0.3475720527107382,-11,0.3270129405406225,0.3475720527107382
S35636,Rainfall,<NA>,,5,0.3475720527107382,9,0.8247575597723119,0.3475720527107382
S35636,Rainfall,<NA>,,5,0.3475720527107382,-7,-0.3106546850531065,0.3475720527107382
S35636,Rainfall,<NA>,,5,0.3475720527107382,5,0.3567259038821138,0.3475720527107382
S35636,Rainfall,<NA>,,5,0.3475720527107382,-11,0.3851337115820584,0.3475720527107382
S35636,Rainfall,<NA>,,5,0.3475720527107382,9,0.8215224918615435,0.3475720527107382
S35636,Rainfall,<NA>,,5,0.3443868704946943,9,0.4157670129413175,0.3443868704946943
S35636,Rainfall,<NA>,,5,0.3443868704946943,0,0.4221314940873475,0.3443868704946943
S35636,Rainfall,<NA>,,5,0.3443868704946943,0,-0.4977338458093412,0.3443868704946943
S35636,Rainfall,<NA>,,5,0.3443868704946943,-7,-0.2559105037598473,0.3443868704946943
S35636,Rainfall,<NA>,,5,0.3443868704946943,5,0.3610625934600556,0.3443868704946943
S35636,Rainfall,<NA>,,5,0.3443868704946943,-7,-0.7994988288083689,0.3443868704946943
S35636,Rainfall,<NA>,,5,0.3443868704946943,-11,0.3270129405406225,0.3443868704946943
S35636,Rainfall,<NA>,,5,0.3443868704946943,9,0.8247575597723119,0.3443868704946943
S35636,Rainfall,<NA>,,5,0.3443868704946943,-7,-0.3106546850531065,0.3443868704946943
S35636,Rainfall,<NA>,,5,0.3443868704946943,5,0.3567259038821138,0.3443868704946943
S35636,Rainfall,<NA>,,5,0.3443868704946943,-11,0.3851337115820584,0.3443868704946943
S35636,Rainfall,<NA>,,5,0.3443868704946943,9,0.8215224918615435,0.3443868704946943
S35636,Rainfall,<NA>,,-11,0.3303156199144554,9,0.4157670129413175,0.3303156199144554
S35636,Rainfall,<NA>,,-11,0.3303156199144554,0,0.4221314940873475,0.3303156199144554
S35636,Rainfall,<NA>,,-11,0.3303156199144554,0,-0.4977338458093412,0.3303156199144554
S35636,Rainfall,<NA>,,-11,0.3303156199144554,-7,-0.2559105037598473,0.3303156199144554
S35636,Rainfall,<NA>,,-11,0.3303156199144554,5,0.3610625934600556,0.3303156199144554
S35636,Rainfall,<NA>,,-11,0.3303156199144554,-7,-0.7994988288083689,0.3303156199144554
S35636,Rainfall,<NA>,,-11,0.3303156199144554,-11,0.3270129405406225,0.3303156199144554
S35636,Rainfall,<NA>,,-11,0.3303156199144554,9,0.8247575597723119,0.3303156199144554
S35636,Rainfall,<NA>,,-11,0.3303156199144554,-7,-0.3106546850531065,0.3303156199144554
S35636,Rainfall,<NA>,,-11,0.3303156199144554,5,0.3567259038821138,0.3303156199144554
S35636,Rainfall,<NA>,,-11,0.3303156199144554,-11,0.3851337115820584,0.3303156199144554
S35636,Rainfall,<NA>,,-11,0.3303156199144554,9,0.8215224918615435,0.3303156199144554
S35636,Rainfall,<NA>,,-7,-0.3104696185396614,9,0.4157670129413175,0.3104696185396614
S35636,Rainfall,<NA>,,-7,-0.3104696185396614,0,0.4221314940873475,0.3104696185396614
S35636,Rainfall,<NA>,,-7,-0.3104696185396614,0,-0.4977338458093412,0.3104696185396614
S35636,Rainfall,<NA>,,-7,-0.3104696185396614,-7,-0.2559105037598473,0.3104696185396614
S35636,Rainfall,<NA>,,-7,-0.3104696185396614,5,0.3610625934600556,0.3104696185396614
S35636,Rainfall,<NA>,,-7,-0.3104696185396614,-7,-0.7994988288083689,0.3104696185396614
S35636,Rainfall,<NA>,,-7,-0.3104696185396614,-11,0.3270129405406225,0.3104696185396614
S35636,Rainfall,<NA>,,-7,-0.3104696185396614,9,0.8247575597723119,0.3104696185396614
S35636,Rainfall,<NA>,,-7,-0.3104696185396614,-7,-0.3106546850531065,0.3104696185396614
S35636,Rainfall,<NA>,,-7,-0.3104696185396614,5,0.3567259038821138,0.3104696185396614
S35636,Rainfall,<NA>,,-7,-0.3104696185396614,-11,0.3851337115820584,0.3104696185396614
S35636,Rainfall,<NA>,,-7,-0.3104696185396614,9,0.8215224918615435,0.3104696185396614
S35636,Temperature,<NA>,,-7,0.9660366695635816,-3,-0.3296293465601996,0.9660366695635816
S35636,Temperature,<NA>,,-7,0.9660366695635816,9,-0.4393856625593966,0.9660366695635816
S35636,Temperature,<NA>,,-7,0.9660366695635816,5,-0.4754378262556811,0.9660366695635816
S35636,Temperature,<NA>,,-7,0.9660366695635816,-9,-0.3829022931290375,0.9660366695635816
S35636,Temperature,<NA>,,-7,0.9660366695635816,-9,-0.5565228902547188,0.9660366695635816
S35636,Temperature,<NA>,,-7,0.9660366695635816,-7,0.9510929720635216,0.9660366695635816
S35636,Temperature,<NA>,,-7,0.9660366695635816,9,0.3677719549278346,0.9660366695635816
S35636,Temperature,<NA>,,-7,0.9660366695635816,1,0.6511561510597872,0.9660366695635816
S35636,Temperature,<NA>,,-7,0.9660366695635816,5,-0.36415763203667,0.9660366695635816
S35636,Temperature,<NA>,,-7,0.9660366695635816,-9,-0.5352821235874311,0.9660366695635816
S35636,Temperature,<NA>,,-7,0.9660366695635816,-5,-0.4277173150373516,0.9660366695635816
S35636,Temperature,<NA>,,-7,0.9660366695635816,1,0.6671102060558641,0.9660366695635816
S35636,Temperature,<NA>,,0,0.5933874525863558,-3,-0.3296293465601996,0.5933874525863558
S35636,Temperature,<NA>,,0,0.5933874525863558,9,-0.4393856625593966,0.5933874525863558
S35636,Temperature,<NA>,,0,0.5933874525863558,5,-0.4754378262556811,0.5933874525863558
S35636,Temperature,<NA>,,0,0.5933874525863558,-9,-0.3829022931290375,0.5933874525863558
S35636,Temperature,<NA>,,0,0.5933874525863558,-9,-0.5565228902547188,0.5933874525863558
S35636,Temperature,<NA>,,0,0.5933874525863558,-7,0.9510929720635216,0.5933874525863558
S35636,Temperature,<NA>,,0,0.5933874525863558,9,0.3677719549278346,0.5933874525863558
S35636,Temperature,<NA>,,0,0.5933874525863558,1,0.6511561510597872,0.5933874525863558
S35636,Temperature,<NA>,,0,0.5933874525863558,5,-0.36415763203667,0.5933874525863558
S35636,Temperature,<NA>,,0,0.5933874525863558,-9,-0.5352821235874311,0.5933874525863558
S35636,Temperature,<NA>,,0,0.5933874525863558,-5,-0.4277173150373516,0.5933874525863558
S35636,Temperature,<NA>,,0,0.5933874525863558,1,0.6671102060558641,0.5933874525863558
S35636,Temperature,<NA>,,0,0.562390468430817,-3,-0.3296293465601996,0.562390468430817
S35636,Temperature,<NA>,,0,0.562390468430817,9,-0.4393856625593966,0.562390468430817
S35636,Temperature,<NA>,,0,0.562390468430817,5,-0.4754378262556811,0.562390468430817
S35636,Temperature,<NA>,,0,0.562390468430817,-9,-0.3829022931290375,0.562390468430817
S35636,Temperature,<NA>,,0,0.562390468430817,-9,-0.5565228902547188,0.562390468430817
S35636,Temperature,<NA>,,0,0.562390468430817,-7,0.9510929720635216,0.562390468430817
S35636,Temperature,<NA>,,0,0.562390468430817,9,0.3677719549278346,0.562390468430817
S35636,Temperature,<NA>,,0,0.562390468430817,1,0.6511561510597872,0.562390468430817
S35636,Temperature,<NA>,,0,0.562390468430817,5,-0.36415763203667,0.562390468430817
S35636,Temperature,<NA>,,0,0.562390468430817,-9,-0.5352821235874311,0.562390468430817
S35636,Temperature,<NA>,,0,0.562390468430817,-5,-0.4277173150373516,0.562390468430817
S35636,Temperature,<NA>,,0,0.562390468430817,1,0.6671102060558641,0.562390468430817
S35636,Temperature,<NA>,,0,0.3737020502236105,-3,-0.3296293465601996,0.3737020502236105
S35636,Temperature,<NA>,,0,0.3737020502236105,9,-0.4393856625593966,0.3737020502236105
S35636,Temperature,<NA>,,0,0.3737020502236105,5,-0.4754378262556811,0.3737020502236105
S35636,Temperature,<NA>,,0,0.3737020502236105,-9,-0.3829022931290375,0.3737020502236105
S35636,Temperature,<NA>,,0,0.3737020502236105,-9,-0.5565228902547188,0.3737020502236105
S35636,Temperature,<NA>,,0,0.3737020502236105,-7,0.9510929720635216,0.3737020502236105
S35636,Temperature,<NA>,,0,0.3737020502236105,9,0.3677719549278346,0.3737020502236105
S35636,Temperature,<NA>,,0,0.3737020502236105,1,0.6511561510597872,0.3737020502236105
S35636,Temperature,<NA>,,0,0.3737020502236105,5,-0.36415763203667,0.3737020502236105
S35636,Temperature,<NA>,,0,0.3737020502236105,-9,-0.5352821235874311,0.3737020502236105
S35636,Temperature,<NA>,,0,0.3737020502236105,-5,-0.4277173150373516,0.3737020502236105
S35636,Temperature,<NA>,,0,0.3737020502236105,1,0.6671102060558641,0.3737020502236105
S35636,Temperature,<NA>,,11,0.368805366972019,-3,-0.3296293465601996,0.368805366972019
S35636,Temperature,<NA>,,11,0.368805366972019,9,-0.4393856625593966,0.368805366972019
S35636,Temperature,<NA>,,11,0.368805366972019,5,-0.4754378262556811,0.368805366972019
S35636,Temperature,<NA>,,11,0.368805366972019,-9,-0.3829022931290375,0.368805366972019
S35636,Temperature,<NA>,,11,0.368805366972019,-9,-0.5565228902547188,0.368805366972019
S35636,Temperature,<NA>,,11,0.368805366972019,-7,0.9510929720635216,0.368805366972019
S35636,Temperature,<NA>,,11,0.368805366972019,9,0.3677719549278346,0.368805366972019
S35636,Temperature,<NA>,,11,0.368805366972019,1,0.6511561510597872,0.368805366972019
S35636,Temperature,<NA>,,11,0.368805366972019,5,-0.36415763203667,0.368805366972019
S35636,Temperature,<NA>,,11,0.368805366972019,-9,-0.5352821235874311,0.368805366972019
S35636,Temperature,<NA>,,11,0.368805366972019,-5,-0.4277173150373516,0.368805366972019
S35636,Temperature,<NA>,,11,0.368805366972019,1,0.6671102060558641,0.368805366972019
S35636,Temperature,<NA>,,0,0.3516954449093519,-3,-0.3296293465601996,0.3516954449093519
S35636,Temperature,<NA>,,0,0.3516954449093519,9,-0.4393856625593966,0.3516954449093519
S35636,Temperature,<NA>,,0,0.3516954449093519,5,-0.4754378262556811,0.3516954449093519
S35636,Temperature,<NA>,,0,0.3516954449093519,-9,-0.3829022931290375,0.3516954449093519
S35636,Temperature,<NA>,,0,0.3516954449093519,-9,-0.5565228902547188,0.3516954449093519
S35636,Temperature,<NA>,,0,0.3516954449093519,-7,0.9510929720635216,0.3516954449093519
S35636,Temperature,<NA>,,0,0.3516954449093519,9,0.3677719549278346,0.3516954449093519
S35636,Temperature,<NA>,,0,0.3516954449093519,1,0.6511561510597872,0.3516954449093519
S35636,Temperature,<NA>,,0,0.3516954449093519,5,-0.36415763203667,0.3516954449093519
S35636,Temperature,<NA>,,0,0.3516954449093519,-9,-0.5352821235874311,0.3516954449093519
S35636,Temperature,<NA>,,0,0.3516954449093519,-5,-0.4277173150373516,0.3516954449093519
S35636,Temperature,<NA>,,0,0.3516954449093519,1,0.6671102060558641,0.3516954449093519
S35636,Temperature,<NA>,,0,0.3489621471367432,-3,-0.3296293465601996,0.3489621471367432
S35636,Temperature,<NA>,,0,0.3489621471367432,9,-0.4393856625593966,0.3489621471367432
S35636,Temperature,<NA>,,0,0.3489621471367432,5,-0.4754378262556811,0.3489621471367432
S35636,Temperature,<NA>,,0,0.3489621471367432,-9,-0.3829022931290375,0.3489621471367432
S35636,Temperature,<NA>,,0,0.3489621471367432,-9,-0.5565228902547188,0.3489621471367432
S35636,Temperature,<NA>,,0,0.3489621471367432,-7,0.9510929720635216,0.3489621471367432
S35636,Temperature,<NA>,,0,0.3489621471367432,9,0.3677719549278346,0.3489621471367432
S35636,Temperature,<NA>,,0,0.3489621471367432,1,0.6511561510597872,0.3489621471367432
S35636,Temperature,<NA>,,0,0.3489621471367432,5,-0.36415763203667,0.3489621471367432
S35636,Temperature,<NA>,,0,0.3489621471367432,-9,-0.5352821235874311,0.3489621471367432
S35636,Temperature,<NA>,,0,0.3489621471367432,-5,-0.4277173150373516,0.3489621471367432
S35636,Temperature,<NA>,,0,0.3489621471367432,1,0.6671102060558641,0.3489621471367432
S35636,Temperature,<NA>,,-11,0.3475202740967183,-3,-0.3296293465601996,0.3475202740967183
S35636,Temperature,<NA>,,-11,0.3475202740967183,9,-0.4393856625593966,0.3475202740967183
S35636,Temperature,<NA>,,-11,0.3475202740967183,5,-0.4754378262556811,0.3475202740967183
S35636,Temperature,<NA>,,-11,0.3475202740967183,-9,-0.3829022931290375,0.3475202740967183
S35636,Temperature,<NA>,,-11,0.3475202740967183,-9,-0.5565228902547188,0.3475202740967183
S35636,Temperature,<NA>,,-11,0.3475202740967183,-7,0.9510929720635216,0.3475202740967183
S35636,Temperature,<NA>,,-11,0.3475202740967183,9,0.3677719549278346,0.3475202740967183
S35636,Temperature,<NA>,,-11,0.3475202740967183,1,0.6511561510597872,0.3475202740967183
S35636,Temperature,<NA>,,-11,0.3475202740967183,5,-0.36415763203667,0.3475202740967183
S35636,Temperature,<NA>,,-11,0.3475202740967183,-9,-0.5352821235874311,0.3475202740967183
S35636,Temperature,<NA>,,-11,0.3475202740967183,-5,-0.4277173150373516,0.3475202740967183
S35636,Temperature,<NA>,,-11,0.3475202740967183,1,0.6671102060558641,0.3475202740967183
S35636,Temperature,<NA>,,9,-0.3450394862555151,-3,-0.3296293465601996,0.3450394862555151
S35636,Temperature,<NA>,,9,-0.3450394862555151,9,-0.4393856625593966,0.3450394862555151
S35636,Temperature,<NA>,,9,-0.3450394862555151,5,-0.4754378262556811,0.3450394862555151
S35636,Temperature,<NA>,,9,-0.3450394862555151,-9,-0.3829022931290375,0.3450394862555151
S35636,Temperature,<NA>,,9,-0.3450394862555151,-9,-0.5565228902547188,0.3450394862555151
S35636,Temperature,<NA>,,9,-0.3450394862555151,-7,0.9510929720635216,0.3450394862555151
S35636,Temperature,<NA>,,9,-0.3450394862555151,9,0.3677719549278346,0.3450394862555151
S35636,Temperature,<NA>,,9,-0.3450394862555151,1,0.6511561510597872,0.3450394862555151
S35636,Temperature,<NA>,,9,-0.3450394862555151,5,-0.36415763203667,0.3450394862555151
S35636,Temperature,<NA>,,9,-0.3450394862555151,-9,-0.5352821235874311,0.3450394862555151
S35636,Temperature,<NA>,,9,-0.3450394862555151,-5,-0.4277173150373516,0.3450394862555151
S35636,Temperature,<NA>,,9,-0.3450394862555151,1,0.6671102060558641,0.3450394862555151
